{
    "loss": 0.3726371228694916,
    "accuracy": 0.8201438784599304
}